source,target
0,206
0,377
0,387
0,689
0,997
1,91
1,201
1,222
1,269
1,322
1,475
1,513
1,535
1,667
1,705
1,722
1,792
1,856
1,902
1,923
1,941
2,256
2,330
2,384
2,477
2,654
2,726
2,992
3,121
3,215
3,299
3,326
3,427
3,545
4,65
4,120
4,176
4,245
4,341
4,489
4,536
4,664
4,715
4,799
4,896
4,910
5,46
5,200
5,271
5,463
5,473
5,538
6,66
6,131
6,385
6,581
6,689
6,733
6,895
6,896
7,31
7,51
7,281
7,596
7,637
7,726
8,58
8,309
8,357
8,364
8,372
8,418
8,509
8,544
8,786
9,342
9,514
9,573
10,193
10,265
10,377
10,430
10,463
10,584
10,611
10,638
10,639
10,756
10,842
10,848
10,865
10,894
10,980
11,83
11,634
11,759
11,765
11,908
11,913
11,943
11,972
11,987
12,86
12,170
12,533
12,567
12,709
12,713
12,869
12,943
12,992
13,40
13,179
13,217
13,269
13,514
13,666
13,697
13,708
13,769
13,911
13,989
14,33
14,63
14,127
14,257
14,445
14,681
14,871
15,76
15,87
15,100
15,141
15,426
15,513
15,519
15,594
15,651
15,712
15,778
15,928
15,954
16,29
16,112
16,167
16,253
16,361
16,670
16,737
16,880
17,389
17,398
17,549
17,674
18,177
18,204
18,249
18,397
18,407
18,421
18,437
18,496
18,625
18,631
18,833
18,839
18,874
19,88
19,95
19,154
19,202
19,254
19,315
19,352
19,440
19,557
19,651
19,714
19,878
19,919
19,982
20,240
20,324
20,460
20,550
20,586
20,626
20,651
20,730
21,124
21,157
21,172
21,176
21,182
21,262
21,263
21,376
21,426
21,544
21,559
21,689
21,890
21,931
21,942
22,23
22,31
22,93
22,196
22,244
22,268
22,279
22,372
22,457
22,513
22,621
22,752
22,760
22,783
22,823
22,831
23,275
23,345
23,352
23,398
23,495
23,661
23,682
23,784
23,896
24,278
24,385
24,415
24,544
25,150
25,248
25,275
25,344
25,488
25,554
25,712
25,804
25,810
25,816
25,841
25,984
26,65
26,111
26,252
26,348
26,384
26,495
26,722
26,790
26,796
26,993
27,85
27,102
27,133
27,192
27,235
27,341
27,374
27,430
27,433
27,461
27,543
27,643
27,662
27,741
28,59
28,63
28,142
28,281
28,364
28,452
28,525
28,569
28,728
28,856
28,889
29,247
29,254
29,339
29,411
29,666
29,681
29,743
29,822
29,827
29,848
29,868
29,903
29,915
29,964
30,41
30,111
30,169
30,435
30,512
30,605
30,688
30,691
30,699
30,748
30,786
30,900
31,154
31,321
31,443
31,581
31,601
31,637
31,689
31,714
31,715
31,871
31,968
32,79
32,214
32,439
32,483
32,905
32,937
32,970
32,992
32,995
33,131
33,361
33,688
33,771
34,129
34,179
34,460
34,470
34,538
34,539
34,643
34,689
34,751
34,797
35,160
35,184
35,189
35,221
35,230
35,302
35,317
35,699
35,768
36,83
36,189
36,191
36,198
36,422
36,526
36,541
36,635
36,698
36,776
36,892
36,913
37,336
37,456
37,466
37,527
37,635
37,767
37,775
37,796
37,848
37,932
37,943
37,966
38,54
38,78
38,95
38,125
38,144
38,283
38,294
38,352
38,458
38,563
38,607
38,644
38,789
38,858
38,913
38,995
39,81
39,260
39,333
39,377
39,700
39,828
39,896
39,959
39,989
40,44
40,77
40,109
40,192
40,268
40,305
40,368
40,378
40,460
40,464
40,468
40,508
40,744
40,816
40,908
40,973
41,197
41,224
41,404
41,618
41,789
41,814
41,968
42,62
42,76
42,239
42,279
42,292
42,477
42,602
42,634
42,682
42,747
42,760
42,882
42,933
42,994
43,113
43,175
43,278
43,337
43,356
43,370
43,406
43,422
43,447
43,644
43,685
43,715
43,742
43,911
43,970
44,144
44,162
44,195
44,266
44,292
44,420
44,473
44,565
44,568
44,580
44,632
44,717
44,762
44,787
44,805
44,807
44,867
44,989
45,75
45,112
45,404
45,643
45,662
45,714
45,740
45,741
45,791
45,819
45,825
45,830
45,979
45,982
46,85
46,135
46,169
46,308
46,315
46,340
46,420
46,528
46,655
46,749
46,917
47,274
47,304
47,523
47,776
47,970
48,70
48,71
48,152
48,295
48,392
48,527
48,556
48,781
48,796
48,805
48,852
48,954
48,982
48,991
49,305
49,325
49,472
49,480
49,713
49,849
49,889
50,366
50,371
50,534
50,678
50,757
51,66
51,80
51,260
51,346
51,613
51,648
51,778
51,870
51,976
51,982
52,150
52,302
52,326
52,389
52,488
52,756
52,877
52,974
52,996
53,76
53,216
53,284
53,337
53,374
53,475
53,704
54,120
54,367
54,733
54,812
54,826
54,903
54,918
55,224
55,257
55,303
55,328
55,456
55,457
55,484
55,735
55,817
55,925
55,944
55,964
56,62
56,162
56,524
56,636
56,718
56,768
56,865
57,97
57,161
57,735
58,65
58,73
58,84
58,258
58,312
58,319
58,465
58,581
58,584
58,730
58,886
58,905
59,144
59,275
59,291
59,292
59,474
59,533
59,542
59,913
60,121
60,144
60,177
60,182
60,211
60,319
60,364
60,514
60,616
60,642
60,646
60,775
61,79
61,94
61,204
61,306
61,453
61,526
61,695
61,835
62,80
62,139
62,249
62,263
62,443
62,505
62,895
63,139
63,162
63,172
63,188
63,231
63,284
63,456
63,477
63,479
63,621
63,712
63,776
63,835
63,895
63,961
64,125
64,336
64,368
64,380
64,548
64,636
64,676
64,703
64,793
64,848
64,876
64,919
64,935
65,107
65,134
65,215
65,322
65,410
65,756
65,924
65,986
66,67
66,84
66,150
66,184
66,218
66,270
66,487
66,606
66,665
66,812
66,821
66,831
66,893
66,913
66,926
66,996
67,83
67,106
67,190
67,356
67,413
67,849
67,915
68,103
68,228
68,311
68,506
68,584
68,797
68,854
68,912
68,930
69,98
69,102
69,286
69,482
69,588
69,705
69,980
70,121
70,762
71,119
71,252
71,290
71,357
71,403
71,547
71,763
71,879
71,971
71,993
72,239
72,372
72,734
72,735
72,779
72,841
72,859
73,149
73,200
73,289
73,299
73,373
73,439
73,534
73,565
74,122
74,171
74,187
74,297
74,331
74,376
74,571
74,585
74,606
74,646
74,717
74,813
75,111
75,126
75,154
75,184
75,216
75,545
75,575
75,640
75,704
75,713
75,850
76,450
76,502
76,548
76,628
76,671
77,127
77,152
77,205
77,209
77,333
77,413
77,617
77,766
77,836
77,837
77,863
77,892
77,895
78,196
78,255
78,353
78,414
78,532
78,684
78,693
78,722
78,860
79,202
79,325
79,350
79,356
79,429
79,565
79,696
79,715
79,738
79,750
79,793
79,797
79,857
80,166
80,209
80,551
80,706
80,744
80,772
80,870
81,142
81,178
81,306
81,314
81,411
81,561
81,604
81,784
81,806
82,205
82,233
82,445
82,743
82,813
82,870
82,891
82,927
82,969
83,140
83,238
83,339
83,351
83,363
83,514
83,532
83,549
83,618
83,626
83,663
83,727
83,758
83,786
84,255
84,342
84,461
84,462
84,529
84,663
84,798
84,829
84,969
85,143
85,266
85,293
85,318
85,431
85,580
85,654
85,810
85,899
85,901
86,127
86,317
86,516
86,644
86,657
86,730
86,804
86,821
87,177
87,318
87,379
87,471
87,755
87,802
87,817
87,837
87,911
87,919
87,945
88,284
88,427
88,443
88,533
88,557
88,646
88,693
88,795
88,974
88,995
89,280
89,329
89,394
89,410
89,470
89,525
89,580
89,617
89,621
89,704
89,755
89,805
89,906
90,154
90,225
90,255
90,258
90,417
90,484
90,735
90,790
90,794
90,802
90,810
90,824
90,922
90,947
91,521
91,754
92,229
92,250
92,346
92,385
92,391
92,469
93,132
93,243
93,344
93,742
93,814
93,844
93,883
94,129
94,143
94,156
94,318
94,511
94,520
94,604
94,615
94,620
94,756
94,856
94,862
94,903
95,124
95,178
95,266
95,347
95,422
95,594
95,620
95,627
95,653
95,811
95,817
95,920
96,131
96,214
96,278
96,299
96,329
96,489
96,500
96,555
96,654
96,728
96,730
96,962
97,151
97,882
97,941
97,966
98,274
98,316
98,398
98,431
98,449
98,699
98,727
98,801
98,851
98,903
98,904
98,926
99,176
99,227
99,289
99,295
99,352
99,410
99,415
99,500
99,689
99,690
99,794
99,943
99,947
100,302
100,316
100,334
100,467
100,475
100,519
100,594
100,657
100,880
101,162
101,186
101,192
101,412
101,417
101,707
101,790
101,823
101,865
101,885
101,908
101,917
102,167
102,274
102,418
102,466
102,475
102,502
102,538
102,625
102,662
102,741
102,947
103,308
103,336
103,351
103,472
103,479
103,489
103,588
103,642
103,965
104,172
104,310
104,416
104,584
104,767
104,926
105,179
105,221
105,474
105,525
105,531
105,576
105,622
105,628
105,646
105,900
106,235
106,254
106,280
106,286
106,327
106,520
106,628
106,818
106,957
106,982
107,116
107,131
107,150
107,162
107,166
107,220
107,261
107,337
107,634
107,676
107,695
107,749
107,848
107,888
107,995
108,238
108,326
108,440
108,558
108,633
108,655
108,691
108,777
109,173
109,292
109,296
109,317
109,357
109,443
109,967
109,972
110,129
110,157
110,173
110,288
110,370
110,656
110,996
111,168
111,284
111,296
111,344
111,405
111,444
111,471
111,562
111,634
111,646
111,693
111,821
111,878
111,910
111,995
111,999
112,149
112,238
112,423
112,649
113,582
113,675
113,756
113,765
113,882
113,899
113,932
113,991
114,117
114,181
114,277
114,420
114,722
115,191
115,223
115,262
115,535
115,615
115,837
115,841
115,867
115,926
115,971
115,983
116,171
116,249
116,319
116,467
116,725
116,816
116,984
117,242
117,255
117,336
117,389
117,395
117,472
117,621
117,805
117,883
117,903
118,164
118,484
118,530
118,548
118,668
118,742
118,753
119,150
119,151
119,175
119,255
119,270
119,411
119,645
119,718
119,869
119,898
119,936
120,188
120,209
120,455
120,611
120,693
120,766
120,833
120,927
121,162
121,181
121,248
121,348
121,572
121,705
121,978
122,362
122,494
122,621
122,644
122,690
122,694
122,716
123,438
123,446
123,477
123,517
123,682
123,959
123,982
124,249
124,270
124,301
124,371
124,545
124,577
124,710
124,735
124,761
124,794
125,226
125,356
125,553
125,832
125,904
125,967
126,127
126,241
126,531
126,650
126,725
126,785
126,829
126,847
126,969
127,176
127,204
127,242
127,450
127,493
127,566
127,589
127,599
127,646
127,658
127,724
127,776
127,843
127,885
128,236
128,804
128,805
128,858
128,905
129,232
129,293
129,385
129,389
129,424
129,453
129,570
129,623
129,936
130,173
130,189
130,330
130,332
130,393
130,426
130,476
130,771
130,940
131,187
131,329
131,339
131,357
131,428
131,452
131,461
131,507
131,601
131,622
132,178
132,203
132,271
132,410
132,456
132,538
132,549
132,553
132,557
132,565
132,584
132,656
132,751
132,877
132,897
133,364
133,438
133,482
133,519
133,712
133,829
133,886
134,144
134,172
134,244
134,249
134,337
134,400
134,483
134,505
134,522
134,558
134,560
134,577
134,625
134,676
134,781
134,797
134,830
135,247
135,265
135,301
135,343
135,377
135,625
135,629
135,724
135,854
136,182
136,282
136,309
136,372
136,425
136,531
136,741
136,763
136,769
136,808
137,157
137,180
137,365
137,465
137,476
137,596
137,721
137,778
137,790
137,797
137,862
138,242
138,274
138,351
138,353
138,463
138,614
138,828
138,883
138,886
138,931
139,246
139,248
139,561
139,654
139,781
139,824
140,172
140,449
140,540
140,562
140,692
140,781
140,782
140,978
141,238
141,315
141,349
141,358
141,621
141,692
141,848
141,893
141,982
142,156
142,192
142,407
142,620
142,681
142,712
142,819
142,916
143,324
143,359
143,367
143,373
143,799
144,454
144,496
144,510
144,563
144,645
144,704
144,799
144,830
144,923
144,975
145,353
145,403
145,452
145,502
145,506
145,555
145,652
145,720
145,889
145,957
146,309
146,352
146,427
146,463
146,730
146,741
146,769
146,809
146,830
146,902
146,999
147,191
147,317
147,795
147,822
147,884
147,903
147,973
148,196
148,369
148,437
148,508
148,605
148,617
148,780
148,866
148,976
149,168
149,184
149,186
149,250
149,460
149,503
149,664
149,681
149,758
149,939
150,903
151,212
151,280
151,293
151,347
151,410
151,425
151,494
151,875
151,998
152,185
152,405
152,501
152,533
152,632
152,641
152,720
152,771
152,810
153,210
153,407
153,466
153,522
153,656
153,821
153,934
153,966
153,991
154,164
154,186
154,294
154,296
154,328
154,332
154,339
154,453
154,532
154,776
154,844
154,933
154,968
154,983
154,984
155,203
155,238
155,278
155,596
155,652
155,672
155,762
155,852
155,908
156,169
156,551
156,562
156,780
156,930
157,231
157,261
157,346
157,369
157,403
157,455
157,491
157,525
157,562
157,704
157,756
157,868
157,939
158,459
158,547
158,770
158,823
158,836
158,987
159,164
159,408
159,437
159,534
159,551
159,599
159,615
159,763
159,798
159,817
159,915
159,926
160,212
160,246
160,318
160,403
160,683
160,725
160,827
160,860
160,868
160,884
160,899
160,962
161,246
161,291
161,322
161,411
161,424
161,498
161,561
161,575
161,713
161,792
161,821
161,842
161,935
161,944
162,232
162,306
162,620
162,638
162,744
162,829
162,962
163,307
163,668
163,679
163,727
164,185
164,341
164,353
164,404
164,447
164,500
164,510
164,587
164,690
164,707
164,738
164,819
164,905
164,995
165,215
165,284
165,495
165,701
165,715
165,944
166,178
166,287
166,517
166,564
166,596
167,184
167,212
167,363
167,544
167,581
167,658
167,704
167,718
167,719
167,880
167,996
168,209
168,223
168,303
168,462
168,577
168,630
168,671
168,882
168,958
169,346
169,624
169,636
169,763
169,792
169,811
169,843
169,844
169,895
169,922
169,948
170,183
170,489
170,654
170,710
170,716
170,741
170,959
171,281
171,310
171,354
171,511
171,721
171,772
171,775
172,201
172,330
172,493
172,552
172,739
173,258
173,419
173,525
173,537
173,670
173,853
174,314
174,331
174,424
174,498
174,549
174,583
174,798
174,995
175,297
175,468
175,507
175,626
175,674
175,738
175,766
175,834
175,849
175,852
176,177
176,181
176,226
176,310
176,372
176,391
176,394
176,557
176,607
177,181
177,311
177,371
177,406
177,430
177,481
177,534
177,553
177,643
177,712
177,964
178,315
178,338
178,355
178,444
178,466
178,533
178,737
178,920
179,282
179,521
179,563
179,608
179,612
179,626
179,633
179,764
179,997
180,226
180,455
180,574
180,673
180,675
180,807
180,810
181,197
181,551
181,587
181,595
181,708
181,840
181,930
181,932
182,188
182,457
182,808
182,835
182,862
182,908
182,949
182,973
182,988
183,303
183,348
183,359
183,360
183,382
183,423
183,516
183,654
183,708
183,895
183,903
184,746
185,342
185,393
185,501
185,538
185,611
185,703
186,295
186,315
186,335
186,350
186,483
186,562
186,677
186,689
186,848
186,883
186,907
186,980
186,988
187,219
187,366
187,461
187,496
187,829
187,847
187,861
187,874
187,895
187,942
187,960
188,327
188,346
188,353
188,375
188,530
188,696
188,700
188,776
188,828
188,852
189,377
189,458
189,465
189,744
190,207
190,296
190,335
190,440
190,520
190,596
190,651
190,729
190,814
190,819
190,887
190,985
191,358
191,598
191,989
192,327
192,582
192,666
192,700
193,237
193,301
193,340
193,365
193,370
193,561
193,634
193,729
193,862
194,228
194,266
194,422
194,481
194,521
194,598
194,660
194,777
194,780
194,945
195,380
195,568
195,712
196,213
196,320
196,466
196,506
196,577
196,715
196,721
196,773
196,777
196,784
196,830
196,854
196,920
196,983
196,984
197,255
197,583
197,584
197,638
197,708
197,921
198,215
198,278
198,438
198,450
198,661
198,770
198,790
198,808
198,819
199,283
199,353
199,362
199,491
199,598
199,616
199,663
199,834
199,856
200,331
200,455
200,497
200,626
200,707
200,800
200,949
200,993
201,324
201,423
201,475
201,488
201,688
201,804
201,893
201,896
202,240
202,267
202,269
202,281
202,495
202,542
202,680
202,682
202,726
202,755
202,897
202,924
202,969
203,219
203,302
203,411
203,452
203,571
203,594
203,629
203,679
203,681
203,690
203,830
203,891
203,978
204,269
204,272
204,536
204,567
204,828
205,232
205,497
205,519
205,670
205,764
205,777
205,916
205,933
205,978
205,993
206,280
206,327
206,531
206,577
206,681
206,699
206,704
206,759
206,768
206,774
206,805
206,828
206,850
206,882
206,998
207,350
207,354
207,378
207,855
207,866
207,994
208,259
208,270
208,418
208,424
208,471
208,639
208,692
208,791
209,427
209,439
209,502
209,520
209,696
209,810
209,869
209,878
210,345
210,501
210,520
210,550
210,613
210,635
210,767
210,818
211,301
211,358
211,471
211,477
211,611
211,659
211,742
211,886
211,916
211,926
212,216
212,417
212,470
212,508
212,721
212,814
212,820
212,961
213,232
213,291
213,336
213,350
213,373
213,398
213,425
213,567
213,577
213,617
213,698
213,736
213,789
213,936
213,944
214,389
214,433
214,545
214,618
215,221
215,237
215,634
215,709
215,724
215,752
215,763
215,817
215,951
216,303
216,471
216,523
216,580
216,625
216,680
216,773
216,786
216,875
216,877
216,880
217,422
217,849
217,981
217,992
217,998
218,403
218,509
218,711
218,917
219,387
219,440
219,451
219,544
219,668
219,700
219,710
219,808
219,831
219,845
220,238
220,253
220,300
220,380
220,542
220,570
220,879
220,897
221,241
221,332
221,344
221,397
221,460
221,510
221,565
221,587
221,627
221,658
221,764
221,932
222,249
222,270
222,285
222,320
222,434
222,732
222,881
223,225
223,367
223,445
223,463
223,464
223,576
223,609
224,516
224,683
224,868
224,871
224,918
224,927
224,942
225,397
225,779
225,916
226,257
226,382
226,431
226,464
226,554
226,648
226,850
226,971
227,282
227,303
227,333
227,547
227,576
227,640
227,647
227,726
227,840
227,895
227,990
228,779
228,861
228,890
228,904
229,280
229,396
229,467
229,519
229,548
229,590
229,693
229,854
229,860
229,906
229,986
230,356
230,389
230,440
230,447
230,492
230,506
230,537
230,568
230,647
230,666
230,690
230,695
230,734
230,744
230,763
230,824
230,845
230,892
230,955
231,268
231,314
231,388
231,488
231,544
231,706
231,861
231,877
231,948
232,392
232,647
232,752
232,768
232,793
232,819
232,870
233,349
233,432
233,465
233,650
233,777
234,255
234,461
234,467
234,525
234,604
234,605
234,766
234,778
234,805
234,837
234,936
234,979
235,315
235,426
235,438
235,609
235,634
235,684
235,900
235,982
236,433
236,525
236,565
236,647
236,658
236,712
236,833
236,907
237,248
237,260
237,283
237,290
237,371
237,378
237,404
237,429
237,742
237,913
237,932
238,355
238,363
238,369
238,494
238,611
238,971
239,270
239,351
239,496
239,570
239,646
239,718
239,786
239,903
240,296
240,512
240,676
240,678
240,945
241,408
241,592
241,613
241,626
241,635
241,718
241,765
241,810
242,518
242,602
242,789
242,874
243,253
243,276
243,314
243,540
243,568
243,699
243,762
243,981
244,288
244,292
244,365
244,435
244,491
244,500
244,565
244,671
244,816
244,869
245,325
245,411
245,446
245,450
245,689
245,747
245,787
245,808
245,861
245,933
245,972
246,300
246,908
247,256
247,269
247,355
247,742
247,871
248,263
248,314
248,319
248,346
248,364
248,439
248,446
248,471
248,492
248,728
248,829
248,983
249,313
249,343
249,385
249,481
249,500
249,510
249,539
249,608
249,613
249,739
249,974
250,738
251,589
251,647
251,687
251,790
251,907
251,953
252,363
252,452
252,501
252,510
252,637
252,730
252,990
252,997
253,420
253,421
253,451
253,457
253,511
253,575
253,600
253,808
253,813
253,818
254,391
254,524
254,549
254,601
254,715
254,723
254,869
254,888
254,939
255,287
255,298
255,301
255,394
255,774
255,789
255,870
255,976
256,397
256,510
256,558
256,567
256,646
256,701
256,780
256,799
256,806
256,821
256,825
256,951
257,284
257,558
257,607
257,708
257,825
258,301
258,537
258,571
258,696
258,706
258,738
258,771
258,846
258,851
258,908
258,969
258,985
259,434
259,731
259,957
260,398
260,449
260,520
260,646
260,763
260,781
260,988
261,273
261,552
261,582
261,669
261,778
261,813
261,975
262,562
262,708
262,778
262,825
262,949
262,971
263,266
263,442
263,485
263,533
263,588
263,727
263,873
263,890
264,484
264,525
264,670
264,848
264,971
265,367
265,422
265,437
265,853
265,977
266,475
266,492
266,606
267,329
267,454
267,684
267,705
267,733
267,917
268,292
268,302
268,324
268,481
268,529
268,649
268,782
268,865
268,907
269,285
269,497
269,619
269,632
269,694
269,707
269,794
269,926
269,942
270,344
270,369
270,598
270,787
270,819
270,845
270,886
270,922
270,923
270,954
271,290
271,444
271,526
271,585
271,788
271,829
271,852
271,979
272,417
272,549
272,773
272,908
272,957
273,529
273,655
273,685
273,793
273,882
274,341
274,503
274,621
274,851
274,875
274,882
274,951
274,963
275,352
275,388
275,480
275,647
275,780
275,867
275,919
275,993
276,326
276,788
276,933
276,986
277,496
277,524
277,766
277,798
277,894
277,911
278,289
278,337
278,437
278,461
278,566
278,622
278,729
278,831
279,324
279,398
279,422
279,441
279,460
279,539
279,873
280,579
280,648
280,683
280,878
281,412
281,423
281,478
281,769
281,893
281,959
282,301
282,438
282,466
282,527
282,782
283,468
283,564
283,686
283,898
283,947
284,414
284,464
284,565
285,311
285,588
285,761
285,783
285,817
285,873
286,332
286,475
286,558
286,795
286,866
286,884
286,957
286,966
287,336
287,348
287,471
287,537
287,578
287,808
287,965
288,471
288,579
288,817
288,863
288,971
289,335
289,450
289,454
289,478
289,538
289,580
289,693
289,788
289,800
290,369
290,447
290,790
291,303
291,394
291,608
291,639
291,821
291,874
291,911
291,971
292,390
292,484
292,592
292,662
292,696
292,756
293,319
293,346
293,367
293,373
293,457
293,522
293,619
293,621
293,763
293,784
293,999
294,325
294,338
294,460
294,482
294,551
294,601
294,655
294,779
294,835
295,307
295,356
295,404
295,602
295,730
295,831
295,848
295,892
295,955
296,376
296,395
296,413
296,591
296,594
296,606
296,678
296,883
296,932
297,493
297,501
297,521
297,528
297,714
297,719
297,752
297,782
297,964
298,381
298,424
298,751
298,868
298,890
299,421
299,600
299,726
299,773
299,825
299,856
300,402
300,586
300,657
300,703
300,817
300,860
300,883
300,961
301,314
301,424
301,434
301,449
301,476
301,654
301,791
301,792
301,898
301,903
301,930
301,999
302,400
302,630
302,674
302,729
302,859
302,987
303,352
303,380
303,468
303,531
303,567
303,717
303,766
303,776
303,987
304,440
304,450
304,503
304,777
304,884
306,513
306,549
306,777
306,779
306,954
306,994
307,540
307,724
307,750
307,755
307,763
307,793
307,841
307,861
307,942
308,365
308,453
308,630
308,789
308,890
308,932
308,999
309,554
309,619
309,636
309,917
310,502
310,504
310,510
310,511
310,556
310,733
310,756
310,856
310,963
311,509
311,660
311,714
311,751
311,777
311,779
311,790
311,930
312,410
312,414
312,555
312,637
312,696
312,755
312,835
312,870
312,915
312,934
312,960
313,321
313,361
313,578
313,735
313,846
313,857
313,871
313,993
314,640
314,919
315,401
315,402
315,447
315,604
315,622
315,645
315,807
316,711
316,851
316,976
317,353
317,421
317,464
317,486
317,506
317,780
317,887
317,902
317,967
317,972
318,335
318,346
318,433
318,602
318,731
318,757
318,797
318,836
318,896
319,593
319,631
319,656
319,725
319,836
320,340
320,414
320,914
321,322
321,544
321,589
321,924
321,940
322,497
322,512
322,539
322,557
322,739
322,783
322,825
322,978
323,495
323,635
323,650
323,704
323,779
323,788
323,824
323,923
324,715
324,719
324,733
324,776
324,883
325,343
325,358
325,414
325,491
325,561
325,950
326,487
326,586
326,633
326,640
326,648
326,651
326,701
326,793
327,328
327,613
327,622
327,796
327,875
327,967
328,432
328,509
328,617
328,692
328,753
328,785
328,796
329,333
329,404
329,440
329,463
329,665
329,670
329,681
330,413
330,611
330,628
330,907
331,384
331,499
331,530
331,687
331,802
331,826
331,932
332,720
332,743
332,789
332,856
332,973
333,396
333,453
333,492
333,642
333,775
333,911
333,928
333,999
334,534
334,558
334,575
334,690
334,698
334,839
335,367
335,417
335,441
335,485
335,666
335,667
335,966
336,357
336,410
336,464
336,466
336,487
336,643
336,935
336,960
337,357
337,379
337,613
337,637
337,682
337,714
337,749
337,775
337,819
337,878
338,380
338,624
338,684
338,688
338,731
338,767
338,835
338,939
338,953
338,959
339,385
339,640
339,732
340,398
340,503
340,594
340,642
340,776
340,791
340,863
340,901
340,925
340,933
341,386
341,415
341,484
341,548
341,783
341,847
341,920
342,370
342,409
342,543
342,547
342,575
342,689
342,787
342,921
342,953
342,979
343,477
343,521
343,776
343,903
344,407
344,618
344,833
344,843
344,850
344,957
344,978
345,359
345,585
345,666
345,800
346,484
346,552
346,613
346,701
346,750
346,838
347,355
347,399
347,629
347,799
348,357
348,386
348,654
348,675
348,716
348,812
348,895
349,542
349,769
349,805
349,806
349,830
349,844
350,406
350,625
350,640
350,780
350,827
350,980
351,582
351,663
351,737
351,743
351,838
351,930
352,361
352,468
352,475
352,517
352,549
352,561
352,623
352,724
352,750
353,383
353,387
353,410
353,473
353,508
353,532
353,666
353,698
353,725
354,419
354,731
354,732
354,891
355,363
355,578
355,695
355,728
355,807
355,845
355,878
355,924
356,610
356,686
356,878
356,913
356,920
357,400
357,414
357,450
357,555
357,597
357,924
358,609
358,761
358,885
358,940
359,464
359,506
359,540
359,613
359,822
359,880
359,890
360,396
360,417
360,429
360,444
360,495
360,527
360,590
360,821
360,873
360,948
360,961
360,965
361,446
361,595
361,732
361,747
362,534
362,602
362,726
362,854
363,426
363,538
363,683
363,876
363,954
363,990
364,393
364,436
364,459
364,594
364,747
364,775
364,891
364,918
364,938
364,985
365,408
365,425
365,448
365,474
365,525
365,575
365,590
365,670
365,752
365,767
365,942
366,577
366,811
366,874
367,788
367,897
368,516
368,812
368,868
369,401
369,592
369,710
370,454
370,475
370,513
370,765
370,804
370,830
370,860
370,953
370,957
371,482
371,519
371,770
371,916
371,927
372,381
372,385
372,496
372,666
372,715
372,717
372,727
373,458
373,643
373,708
373,718
373,742
373,867
373,884
373,903
374,400
374,419
374,420
374,874
374,935
375,385
375,428
375,494
375,847
375,945
376,443
376,996
377,539
377,634
377,937
377,951
378,500
378,510
378,649
378,762
378,884
378,954
379,457
379,472
379,643
379,735
379,795
379,828
379,965
380,505
380,784
380,813
380,825
380,878
381,549
381,636
381,650
381,797
381,945
381,948
381,989
382,510
382,829
382,899
382,959
383,391
383,505
383,640
383,763
383,812
383,923
384,451
384,466
384,495
384,560
384,586
384,937
385,561
385,701
385,882
386,453
386,474
386,476
386,547
386,548
386,631
386,680
386,924
387,627
387,853
387,866
387,879
388,410
388,490
388,809
388,818
388,839
388,930
388,973
389,620
389,695
389,731
389,878
389,951
390,412
390,464
390,484
390,578
390,809
390,939
391,426
391,545
391,725
391,871
392,409
392,436
392,650
392,669
392,674
392,869
392,887
393,454
393,638
393,753
393,758
393,896
394,515
394,640
394,672
394,695
394,725
394,739
394,834
395,498
395,607
395,702
395,805
395,826
395,829
395,846
395,869
395,974
395,988
396,405
396,485
396,556
396,700
396,709
396,717
396,847
396,909
397,494
397,539
397,645
397,647
397,707
397,868
397,912
398,417
398,486
398,495
398,863
398,876
398,903
398,919
398,968
399,796
399,854
399,939
400,583
400,678
400,841
400,864
400,912
400,930
400,960
401,601
401,642
401,759
401,792
401,857
401,988
401,998
402,425
402,536
402,579
402,646
402,703
402,910
403,485
403,488
403,589
403,639
403,866
403,914
404,415
404,485
404,808
404,973
405,407
405,435
405,701
405,915
405,940
406,612
406,624
406,669
406,733
406,923
407,528
407,732
407,744
407,869
407,921
408,486
408,962
409,440
409,481
409,548
409,630
409,646
409,956
409,969
410,511
410,674
410,951
410,961
411,511
411,625
411,889
411,910
412,641
412,766
412,951
413,431
413,432
413,450
413,548
413,595
413,696
413,747
413,818
413,883
413,901
413,982
414,474
414,556
414,682
414,739
414,934
414,999
415,422
415,507
415,639
415,671
415,701
415,743
415,753
415,898
415,989
416,451
416,543
416,564
416,580
416,604
416,647
416,819
416,852
416,985
417,489
417,500
417,549
417,690
417,698
417,786
418,544
418,604
418,607
418,671
418,727
418,729
418,818
418,848
418,987
418,990
419,430
419,599
419,646
419,694
419,705
419,876
419,902
419,979
420,827
421,593
421,632
421,759
421,976
422,461
422,634
422,654
422,785
422,925
423,462
423,548
423,582
423,696
423,775
423,877
423,930
423,954
423,966
424,437
424,901
425,608
425,675
425,895
425,950
426,660
426,697
426,827
427,515
427,607
427,746
427,880
428,455
428,541
428,934
428,954
429,669
429,691
429,710
429,753
429,822
429,861
429,921
430,618
430,786
430,802
430,844
431,479
431,572
431,655
431,680
431,728
432,558
432,601
432,634
432,714
432,721
432,756
432,772
432,906
433,671
433,823
433,905
434,468
434,477
434,559
434,636
434,881
434,946
435,587
435,631
435,748
435,816
436,548
436,718
436,782
436,792
436,917
437,503
437,551
437,589
437,653
437,767
437,828
437,847
437,886
437,930
438,447
438,534
438,675
438,750
438,848
438,883
438,904
439,620
439,634
439,740
439,791
439,798
439,919
440,666
440,706
440,907
441,506
441,866
441,907
441,927
441,977
442,575
442,698
442,728
442,765
442,772
442,791
442,807
442,875
442,905
442,953
443,591
443,617
443,628
443,740
443,751
443,775
443,790
443,926
444,678
444,681
444,776
444,907
444,953
444,980
445,452
445,580
445,741
445,818
445,996
446,527
446,555
446,605
446,666
446,729
446,748
446,829
446,906
447,453
447,541
447,631
447,686
447,740
447,901
447,986
448,613
448,743
448,869
449,656
449,902
449,945
450,731
450,987
451,530
451,607
451,611
451,676
451,711
451,756
452,525
452,591
452,899
453,472
453,549
453,597
453,629
453,690
453,715
453,735
453,839
454,583
454,622
454,658
454,818
454,837
454,960
455,504
455,688
455,736
455,756
455,921
455,965
455,970
456,527
456,579
457,550
457,693
457,714
457,758
457,813
457,814
457,844
457,848
457,869
457,877
457,912
458,559
458,590
458,613
458,628
458,642
458,652
458,740
458,827
458,997
459,546
459,589
459,629
459,662
459,831
459,849
459,882
459,898
459,899
459,982
460,466
460,568
460,807
460,812
460,935
461,552
461,688
461,829
461,905
461,942
461,948
462,702
462,859
463,741
463,817
463,825
464,498
464,499
464,653
464,697
464,761
464,790
464,830
464,915
464,953
465,525
465,566
465,698
465,725
465,770
466,470
466,562
466,804
467,486
467,767
467,855
467,959
468,548
468,589
468,887
469,581
469,585
469,636
470,621
470,690
470,878
470,899
470,995
471,506
471,645
471,658
471,801
471,891
471,900
471,949
472,498
472,547
472,593
472,815
472,885
473,500
473,812
473,846
473,891
473,940
474,542
474,605
474,699
474,804
474,843
474,850
474,952
475,481
475,508
475,637
475,639
475,843
475,854
475,966
475,983
476,559
476,600
476,684
476,938
477,604
477,833
478,514
478,713
478,785
479,489
479,518
479,633
479,669
479,679
479,825
479,827
480,526
480,564
480,613
480,637
480,656
480,670
480,708
481,573
481,586
481,596
481,622
481,676
481,690
481,923
481,949
482,544
482,619
482,685
482,738
482,778
482,787
483,614
483,717
483,784
483,791
483,840
483,894
484,534
484,908
484,932
485,489
485,637
485,659
485,729
485,770
486,693
486,697
486,735
486,823
486,849
487,539
487,571
487,590
487,767
487,817
487,825
487,890
487,962
488,552
488,594
488,636
488,714
489,500
489,601
489,691
490,775
490,792
490,798
490,808
491,534
491,658
491,671
491,765
491,862
491,901
491,910
492,691
492,747
492,774
492,805
492,886
492,961
493,725
493,819
494,574
494,740
494,846
495,802
495,808
496,526
496,647
496,676
496,683
496,925
496,936
496,946
496,986
497,588
497,648
497,733
497,864
497,952
498,588
498,618
498,650
498,769
498,790
498,867
498,918
498,947
498,954
499,563
499,667
499,815
499,947
500,517
500,792
500,859
500,994
501,615
501,759
502,527
502,577
502,923
502,935
503,561
503,824
503,848
504,859
504,868
504,962
504,981
504,990
505,579
505,737
505,825
506,632
506,751
507,510
507,746
507,823
508,599
508,700
508,720
508,754
508,841
508,858
508,932
508,934
508,964
509,521
509,635
509,637
509,641
509,747
510,596
510,727
510,828
511,699
511,959
512,527
512,643
512,695
513,714
513,723
513,753
513,928
513,960
513,978
514,727
514,860
514,863
514,902
515,806
516,638
516,711
516,755
516,807
516,846
517,786
517,825
517,843
517,848
518,544
518,627
518,792
518,834
518,843
518,994
519,609
519,638
519,702
519,716
519,890
519,896
519,962
520,531
520,766
520,790
520,861
520,899
520,999
521,784
521,806
521,965
522,600
522,713
522,721
522,772
522,866
522,894
522,963
522,983
523,587
523,878
523,985
524,569
524,654
524,757
524,758
524,796
525,557
525,687
525,692
525,727
525,773
525,849
526,673
526,757
526,782
526,839
526,884
527,580
527,612
527,622
527,685
527,765
527,779
528,615
528,682
528,931
529,558
529,719
530,575
530,593
530,611
530,649
530,718
530,744
530,850
530,940
530,951
531,566
531,908
532,623
532,627
532,762
532,768
532,827
532,828
532,838
532,912
533,580
533,695
533,872
533,888
534,535
534,572
534,581
534,663
534,860
534,944
535,540
535,686
535,760
535,762
535,809
535,822
535,882
535,944
536,545
536,574
536,752
536,849
537,631
537,649
537,833
537,849
537,926
538,754
538,770
538,978
539,587
539,680
539,690
539,853
539,910
539,913
540,635
540,789
540,895
540,933
540,948
540,961
541,553
541,806
542,626
542,792
542,818
542,893
542,930
542,931
542,985
543,553
543,569
543,620
543,669
543,690
543,795
543,879
544,721
544,754
544,777
544,871
544,947
545,606
545,758
545,823
545,949
546,568
546,607
546,631
546,637
546,790
546,830
546,847
546,875
547,558
547,573
547,642
547,734
547,739
547,782
547,819
547,826
547,976
548,574
548,926
548,981
549,570
549,785
549,826
549,875
549,920
549,984
550,560
550,604
550,707
550,729
550,754
550,885
550,911
550,995
551,623
551,809
551,816
551,888
551,918
552,889
552,909
552,929
553,625
553,692
553,794
553,804
553,881
553,905
553,956
554,588
554,726
554,978
554,984
555,632
556,602
556,675
556,825
556,876
556,947
557,593
557,609
557,727
557,772
558,581
558,588
558,867
559,643
559,724
559,830
559,852
559,890
560,602
560,655
560,705
560,894
560,985
561,570
561,627
561,639
561,860
561,895
561,924
561,982
561,999
562,626
562,643
562,680
562,714
562,808
562,861
562,864
562,964
562,966
563,759
563,786
563,990
564,605
564,607
564,639
564,708
564,726
564,821
564,847
564,900
565,796
565,819
565,841
565,923
565,955
566,589
566,603
566,972
567,678
567,682
567,801
567,836
567,847
567,881
567,934
567,960
568,669
568,760
568,861
568,885
568,986
569,613
569,769
570,585
570,667
570,696
570,732
570,810
570,922
570,928
570,977
571,614
571,624
571,671
571,778
571,792
571,852
571,859
571,868
572,617
572,658
572,831
572,993
572,997
573,578
573,585
573,660
573,675
573,687
573,897
573,995
574,658
574,743
574,855
575,631
575,635
575,702
575,931
575,963
576,595
576,624
576,725
576,752
576,921
576,936
577,775
577,883
578,597
578,606
578,634
578,810
578,849
579,682
579,703
579,867
579,938
580,764
580,817
580,819
580,953
580,957
580,994
581,664
581,703
582,704
582,755
582,962
583,603
583,623
583,713
583,814
583,927
583,949
584,687
584,737
584,751
584,917
584,999
585,593
585,752
585,923
585,930
586,727
586,743
586,804
586,812
586,841
586,935
587,603
587,604
587,657
587,905
587,918
588,610
588,732
588,931
588,979
588,980
588,991
589,632
589,657
589,790
590,682
590,879
591,623
591,629
591,753
592,683
592,898
592,917
593,695
593,765
593,918
593,989
594,650
594,717
594,776
594,779
595,766
595,774
595,838
595,921
595,986
597,683
597,698
597,720
597,873
598,744
598,818
598,835
598,948
599,628
599,632
599,764
599,784
599,806
599,807
599,831
599,927
600,631
600,732
600,794
600,808
600,848
601,659
601,814
601,844
602,663
602,684
602,771
602,943
603,695
603,703
603,863
604,680
604,696
604,772
604,790
604,894
605,657
605,773
605,829
605,898
605,910
605,951
606,653
606,708
606,852
606,922
607,646
607,683
607,688
607,729
607,741
607,753
607,809
607,813
607,923
607,928
607,984
608,623
608,670
608,706
608,725
608,763
609,682
609,727
609,833
609,950
610,623
610,660
610,759
610,786
610,849
610,905
610,911
611,714
611,836
612,629
612,733
612,807
612,955
613,679
613,704
613,723
614,722
614,825
614,834
614,837
614,851
615,768
615,773
615,880
615,935
615,940
616,648
616,787
616,799
616,809
616,926
617,799
618,657
618,702
618,757
619,629
619,709
619,710
619,750
619,867
619,957
620,862
621,671
621,718
621,781
621,789
621,887
622,716
622,864
623,780
624,640
624,648
624,743
624,844
625,801
625,973
626,651
626,840
627,780
627,818
627,926
627,956
628,817
628,987
629,659
629,907
630,775
630,779
630,856
630,909
631,800
631,960
632,651
632,671
632,746
632,822
633,663
633,907
634,666
634,699
634,958
635,750
635,819
635,825
635,844
636,841
636,929
636,997
637,668
637,854
637,857
637,879
637,896
637,984
638,677
638,752
638,756
638,798
639,715
639,880
640,688
640,718
640,793
640,835
640,836
640,859
640,894
641,676
643,739
643,862
643,866
644,689
644,990
645,673
645,810
645,900
645,933
645,940
646,652
646,670
646,711
646,832
646,870
646,880
646,933
646,941
647,716
647,968
648,773
648,817
649,704
649,735
649,808
649,987
650,652
650,655
650,693
650,696
650,782
652,681
652,825
652,945
653,656
653,798
653,950
654,713
654,780
654,791
654,884
654,922
655,740
655,781
655,788
656,663
656,758
656,865
656,974
656,978
657,743
657,744
657,776
657,808
657,913
657,917
657,960
658,742
658,857
658,925
658,962
659,680
659,696
659,723
659,863
659,872
659,898
660,725
660,817
660,859
660,866
660,893
661,681
661,707
661,729
662,803
662,812
662,945
663,706
663,883
663,957
664,699
664,715
664,909
664,928
664,966
665,680
665,683
665,739
665,792
665,831
665,944
665,959
666,807
666,825
666,902
666,910
666,912
667,816
667,862
667,927
667,932
668,839
668,854
668,890
668,896
669,892
669,924
670,744
670,758
670,818
671,718
671,802
671,803
671,810
671,869
671,886
671,891
672,676
672,729
672,837
672,956
673,829
674,773
674,996
675,775
675,809
675,859
675,900
675,970
676,726
676,753
676,936
676,963
676,983
677,816
677,916
678,769
679,699
679,738
679,975
680,825
680,955
680,988
681,771
681,858
681,900
681,903
683,753
683,875
683,964
685,863
685,936
686,734
686,858
686,894
686,908
686,922
686,935
687,785
687,846
687,910
687,926
687,930
687,965
688,776
688,777
688,837
689,801
689,811
690,712
690,823
690,845
690,878
690,912
691,737
691,761
692,902
692,911
692,960
692,979
693,699
693,753
693,789
693,829
693,832
693,847
694,775
694,784
694,975
695,699
695,707
695,960
696,850
696,903
696,983
697,700
697,882
697,943
697,952
698,886
699,893
699,913
699,937
700,705
700,716
700,758
700,801
700,845
700,876
700,942
701,913
702,724
702,927
702,996
703,859
703,870
704,809
704,868
704,879
704,887
704,892
704,985
705,719
705,814
705,948
706,902
706,981
707,762
707,782
708,743
708,796
708,845
708,871
708,891
709,736
709,833
710,837
710,885
710,955
710,996
711,865
711,973
712,744
712,995
714,745
714,748
714,774
714,879
714,990
715,777
715,960
716,825
716,925
716,993
717,811
718,720
718,910
718,951
719,935
720,909
721,877
722,742
722,772
722,799
722,809
722,810
722,827
722,890
722,900
722,922
722,944
723,742
723,865
723,938
723,953
723,964
725,747
725,878
726,743
726,825
726,952
727,894
727,928
727,957
728,902
728,924
729,909
730,801
730,835
730,855
730,878
730,967
730,978
731,816
731,841
731,864
731,905
732,736
732,909
732,951
733,769
733,818
733,909
734,820
734,936
735,934
735,948
736,778
736,783
736,869
736,887
737,740
737,754
737,776
737,992
738,927
738,960
739,747
739,764
740,753
740,804
740,881
741,748
741,792
741,876
742,876
742,929
743,819
743,866
744,752
744,787
744,882
744,973
744,988
745,788
745,926
745,929
746,750
746,802
746,891
746,902
748,836
748,860
749,905
749,971
750,751
750,790
750,841
750,843
750,893
750,903
751,765
751,769
751,800
752,757
752,870
752,884
752,992
753,764
753,783
753,790
753,914
753,923
753,942
755,768
755,955
756,887
757,895
757,911
757,980
758,857
758,916
758,972
759,819
759,840
759,884
759,977
759,983
760,977
761,792
761,899
761,917
762,972
762,986
763,779
763,820
763,930
764,768
764,791
764,915
765,873
766,945
766,954
766,962
766,969
766,980
766,986
767,786
767,825
767,933
768,883
768,951
768,973
769,781
769,815
769,857
769,859
769,945
770,880
770,906
770,992
771,791
771,882
772,803
773,783
773,832
773,942
773,986
774,968
775,842
775,903
775,999
776,911
777,905
778,839
778,987
779,955
780,919
781,853
781,940
782,838
782,859
782,936
782,949
782,985
783,788
783,946
784,845
785,862
786,800
786,865
787,810
787,884
787,904
787,935
790,866
790,881
791,914
791,915
792,937
793,853
793,975
794,946
795,998
796,800
798,885
799,821
799,897
799,908
800,854
800,857
800,940
800,956
802,849
802,916
802,973
803,852
803,890
804,869
804,986
806,881
807,825
807,831
807,890
807,949
808,959
808,980
809,861
809,908
809,914
810,847
811,912
811,913
811,964
812,840
812,871
812,897
812,952
813,824
813,871
813,879
813,957
815,970
816,904
818,833
819,827
819,993
820,864
820,865
820,935
822,886
822,899
824,878
824,907
824,931
825,915
825,976
826,839
826,849
828,855
828,949
828,988
829,879
830,944
832,856
833,887
834,857
834,893
834,962
835,886
835,997
837,926
837,929
838,884
838,890
838,955
840,902
841,879
841,932
843,967
843,994
844,949
845,860
845,910
845,979
846,965
847,855
849,894
849,908
849,985
852,959
853,896
853,926
853,998
854,881
854,929
854,931
855,891
857,903
857,976
858,868
858,922
858,952
859,872
859,944
859,963
860,961
861,944
861,968
862,885
862,900
863,968
864,921
865,868
865,904
867,961
868,887
868,967
870,873
872,896
874,976
874,992
875,922
875,965
876,891
877,892
877,932
879,884
879,899
880,970
882,911
882,954
885,995
888,988
889,894
890,933
890,966
891,934
895,923
895,927
895,969
896,904
896,910
897,939
898,906
899,956
900,965
900,973
902,925
903,909
903,916
903,917
904,991
905,974
907,935
907,963
908,959
909,965
911,943
911,974
912,913
913,946
914,945
915,918
916,929
917,932
918,947
918,988
920,954
923,937
923,967
923,981
924,980
926,981
927,986
929,948
930,974
931,938
934,970
935,963
936,962
939,965
940,967
942,955
946,964
946,989
947,960
948,988
951,956
951,968
954,955
956,982
959,970
959,988
960,966
962,991
964,987
964,988
965,966
966,979
967,982
970,972
970,978
980,995
983,985
983,993
984,998
989,995
993,997
